id,title,published,word_count,chapter
83331933.0,THIRTY-EIGHT,2023-05-21 16:08:56+00:00,7779.0,38.0
83334849.0,WELCOME TO THE PATREON - READ THIS PLEASE!,2023-05-21 17:35:21+00:00,374.0,
83374158.0,THIRTY-NINE,2023-05-22 13:48:42+00:00,8318.0,39.0
83333623.0,FORTY,2023-05-23 07:00:02+00:00,6144.0,40.0
83333805.0,FORTY-ONE: Chaos,2023-05-24 00:05:43+00:00,3535.0,41.0
83333916.0,FORTY-TWO: Be Safe,2023-05-24 14:49:03+00:00,2592.0,42.0
83334020.0,Forty-Three: The Grass ,2023-05-24 22:55:05+00:00,5457.0,43.0
83334287.0,Forty-Four: Request for Insight,2023-05-25 03:00:01+00:00,310.0,44.0
83334380.0,FORTY-FIVE: Soap Operas for Children,2023-05-25 15:37:42+00:00,4723.0,45.0
83334465.0,FORTY-SIX,2023-05-26 14:00:05+00:00,2696.0,46.0
83334588.0,FORTY-SEVEN: Liar Liar,2023-05-27 17:18:59+00:00,2910.0,47.0
83334708.0,FORTY-EIGHT : Heavy,2023-05-28 01:55:26+00:00,3169.0,48.0
83699036.0,FORTY-NINE: Grasshoppers,2023-05-29 01:45:44+00:00,3426.0,49.0
83870927.0,"FIFTY: Meal, pt 1",2023-06-01 01:25:36+00:00,1816.0,50.0
83932053.0,FIFTY-ONE: Take Me Somewhere Better,2023-06-02 00:42:25+00:00,2790.0,51.0
84077366.0,FIFTY-TWO: Night Vision,2023-06-05 01:20:03+00:00,2868.0,52.0
84223677.0,FIFTY-THREE: The Auriad,2023-06-07 18:26:19+00:00,2891.0,53.0
84407991.0,FIFTY-FOUR: Farther,2023-06-11 14:56:52+00:00,4160.0,54.0
84559518.0,FIFTY-FIVE: Man on the Moon,2023-06-14 14:00:10+00:00,3513.0,55.0
84755429.0,CHAPTER FIFTY-SIX: A Polite Request,2023-06-18 15:07:06+00:00,3556.0,56.0
84807042.0,CHAPTER 57: A Scale Tips,2023-06-19 16:02:51+00:00,3775.0,57.0
84924127.0,"CHAPTER 58: Mother, Part One",2023-06-21 20:10:33+00:00,1614.0,58.0
84924956.0,58.1,2023-06-22 00:00:03+00:00,128.0,58.0
85097817.0,"CHAPTER FIFTY-NINE: Mother, pt 2",2023-06-25 15:12:23+00:00,5880.0,59.0
85273134.0,"SIXTY: Mother, pt 3",2023-06-28 21:26:11+00:00,6044.0,60.0
85448642.0,SIXTY-ONE,2023-07-02 02:19:28+00:00,20.0,61.0
85474525.0,SIXTY-TWO,2023-07-02 17:03:57+00:00,8024.0,62.0
85489449.0,SIXTY-THREE,2023-07-03 02:59:00+00:00,5216.0,63.0
85659875.0,SIXTY-FOUR: To a Quiet Rabbit,2023-07-06 03:55:48+00:00,7232.0,64.0
85708247.0,Q & A for those interested. ,2023-07-07 01:10:34+00:00,526.0,
85840707.0,SIXTY-FIVE: Intake,2023-07-09 20:44:23+00:00,4917.0,65.0
86011502.0,SIXTY-SIX: Priority Contacts,2023-07-13 01:20:01+00:00,3851.0,66.0
86199110.0,SIXTY-SEVEN: Goals,2023-07-16 22:57:01+00:00,6733.0,67.0
86349642.0,SIXTY-EIGHT: The Warren,2023-07-19 19:06:09+00:00,4185.0,68.0
86546227.0,CHAPTER 69.1 - A Busy Rabbit,2023-07-23 20:47:35+00:00,3832.0,69.0
86547727.0,69.2,2023-07-23 22:10:53+00:00,4622.0,69.0
86696016.0,SEVENTY: Rare Company,2023-07-26 16:30:01+00:00,3464.0,70.0
86896705.0,SEVENTY-ONE: Ice Cream,2023-07-30 16:36:24+00:00,4746.0,71.0
87085513.0,SEVENTY-TWO: My Daughter is an Alien Honors Student,2023-08-02 19:00:06+00:00,8126.0,72.0
87288917.0,"SEVENTY-THREE: A Busy Morning, pt. 1",2023-08-06 19:27:04+00:00,8303.0,73.0
87459120.0,"SEVENTY-FOUR: A Busy Morning, pt. 2",2023-08-10 00:00:05+00:00,7558.0,74.0
87550603.0,"SEVENTY-FIVE:  A Busy Morning, pt. 3",2023-08-11 18:43:31+00:00,7034.0,75.0
87645312.0,SEVENTY-SIX: The Rescue Game,2023-08-13 22:25:14+00:00,8038.0,76.0
87766169.0,SEVENTY-SEVEN: About the Rabbit,2023-08-16 19:03:01+00:00,6270.0,77.0
87982599.0,SEVENTY-EIGHT: Facts are Facts,2023-08-20 16:27:25+00:00,7281.0,78.0
88138623.0,SEVENTY-NINE: The Few,2023-08-23 16:34:48+00:00,6039.0,79.0
88187138.0,EIGHTY: ,2023-08-24 19:44:00+00:00,5647.0,80.0
88344463.0,EIGHTY-ONE: Guess,2023-08-27 22:42:05+00:00,6767.0,81.0
88501973.0,EIGHTY-TWO:  Connected,2023-08-30 20:17:59+00:00,7200.0,82.0
88698490.0,EIGHTY-THREE: The Other Half of It,2023-09-03 16:59:01+00:00,8001.0,83.0
88865444.0,EIGHTY-FOUR: One Word,2023-09-06 19:43:01+00:00,4002.0,84.0
89065972.0,EIGHTY-FIVE: Incautious Caring,2023-09-10 18:33:53+00:00,4043.0,85.0
89239244.0,EIGHTY SIX: Diving,2023-09-14 01:43:57+00:00,6035.0,86.0
89391851.0,EIGHTY-SEVEN: Hero Types,2023-09-17 07:41:01+00:00,5010.0,87.0
89581622.0,"EIGHTY-EIGHT: Forty Pineapples, part one",2023-09-20 21:57:13+00:00,8601.0,88.0
89766582.0,"EIGHTY-NINE: Forty Pineapples, pt. 2",2023-09-24 18:00:05+00:00,13147.0,89.0
89767162.0,Character Notes for Forty Pineapples,2023-09-24 18:11:29+00:00,1040.0,
89924171.0,NINETY: All Nighter,2023-09-27 16:55:01+00:00,5323.0,90.0
90163085.0,NINETY-THREE (formerly 91): The Only Sign,2023-10-02 00:55:34+00:00,5369.0,93.0
90309689.0,NINETY-FOUR (formerly 92): Roommates,2023-10-04 16:01:14+00:00,9315.0,94.0
90589387.0,"NINETY-FIVE (formerly 93): The B-list, part one",2023-10-08 16:51:22+00:00,5093.0,95.0
90791998.0,"NINETY-SIX (formerly 94): The B-List, pt 2",2023-10-11 19:25:19+00:00,5200.0,96.0
91033126.0,NINETY-SEVEN (formerly 95): FIREWORKS,2023-10-15 18:22:10+00:00,6478.0,97.0
91242418.0,NINETY-EIGHT: Blossoming Tentacles,2023-10-18 22:12:00+00:00,6250.0,98.0
91248619.0,Revision Chapters 81-84,2023-10-19 01:03:46+00:00,,
91257014.0,Revised Chapters 85-86,2023-10-19 03:40:40+00:00,,
91461846.0,87 and 88 Revision,2023-10-22 17:33:37+00:00,,
91460400.0,"NINETY-NINE: Gym Class, part one",2023-10-22 17:35:01+00:00,8551.0,99.0
91640303.0,"ONE HUNDRED: Gym Class, pt 2",2023-10-25 15:04:43+00:00,7388.0,100.0
91882247.0,ONE HUNDRED ONE: Anesidora Time - 07:15 PM,2023-10-29 17:04:36+00:00,5823.0,101.0
92053322.0,ONE HUNDRED TWO: What kind of wordchain?,2023-11-01 07:00:06+00:00,5058.0,102.0
92347634.0,One Hundred Three: Artonan Conversations,2023-11-05 20:36:19+00:00,9900.0,103.0
92532361.0,ONE HUNDRED FOUR: Hot Chocolate,2023-11-08 18:09:19+00:00,7182.0,104.0
92778291.0,ONE HUNDRED FIVE: You've Grown,2023-11-13 02:16:20+00:00,6662.0,105.0
92956105.0,"ONE HUNDRED SIX: The Chainer, part 1",2023-11-15 21:41:18+00:00,6996.0,106.0
93165785.0,"ONE HUNDRED SEVEN: The Chainer, part 2",2023-11-19 17:41:25+00:00,5374.0,107.0
93347519.0,"ONE HUNDRED EIGHT: The Chainer, part 3",2023-11-22 16:46:03+00:00,3720.0,108.0
93566473.0,"ONE HUNDRED NINE: The Chainer, IV",2023-11-26 18:52:20+00:00,7484.0,109.0
93767375.0,"CHAPTER ONE HUNDRED TEN: The Chainer, V",2023-11-29 20:54:36+00:00,9823.0,110.0
94007580.0,"ONE HUNDRED ELEVEN -- The Chainer,  VI",2023-12-03 16:37:27+00:00,8884.0,111.0
94194907.0,"ONE HUNDRED TWELVE: The Chainer, VII",2023-12-06 16:47:00+00:00,8101.0,112.0
94440983.0,"ONE HUNDRED THIRTEEN: The Chainer, VIII",2023-12-11 00:27:46+00:00,17047.0,113.0
94618692.0,"ONE HUNDRED FOURTEEN: The Chainer, coda",2023-12-13 21:38:04+00:00,20911.0,114.0
94830587.0,ONE HUNDRED FIFTEEN: Lazy Sunday,2023-12-17 19:16:29+00:00,5250.0,115.0
95013958.0,"ONE HUNDRED SIXTEEN: Twinkle, Twinkle, Gokoratch",2023-12-20 19:50:05+00:00,4835.0,116.0
95227222.0,ONE HUNDRED SEVENTEEN: Catch,2023-12-24 17:46:39+00:00,7099.0,117.0
95376805.0,ONE HUNDRED EIGHTEEN: Unfolding,2023-12-27 17:39:05+00:00,6430.0,118.0
95600480.0,ONE HUNDRED NINETEEN: Interesting,2023-12-31 15:52:28+00:00,2247.0,119.0
95811724.0,ONE HUNDRED TWENTY: Party Animals,2024-01-03 21:41:06+00:00,7424.0,120.0
96040861.0,ONE HUNDRED TWENTY-ONE: Avalanche,2024-01-07 16:45:24+00:00,8223.0,121.0
96282706.0,ONE HUNDRED TWENTY-TWO: Obstacles,2024-01-11 09:19:54+00:00,8691.0,122.0
96505373.0,ONE HUNDRED TWENTY-THREE: Meeting,2024-01-15 02:20:52+00:00,5258.0,123.0
96781324.0,ONE HUNDRED TWENTY-FOUR: Poor Mice,2024-01-19 07:51:51+00:00,7378.0,124.0
97140421.0,ONE HUNDRED TWENTY-FIVE: It's Pepper Flavored,2024-01-25 00:34:28+00:00,10076.0,125.0
97403405.0,ONE HUNDRED TWENTY-SIX: We'll See,2024-01-29 09:05:14+00:00,6473.0,126.0
97622392.0,ONE HUNDRED TWENTY-SEVEN: Let's Feed Her to Victory,2024-02-01 08:26:50+00:00,,127.0
97760446.0,ONE HUNDRED TWENTY-EIGHT: Better Watch Out,2024-02-03 08:35:00+00:00,8539.0,128.0
98079176.0,ONE HUNDRED TWENTY-NINE: They Feasted,2024-02-08 07:16:18+00:00,,129.0
98318346.0,"ONE HUNDRED THIRTY: Ripples, I",2024-02-12 10:10:37+00:00,5509.0,130.0
98489725.0,ONE THIRTY-ONE: Ripples II,2024-02-14 22:17:36+00:00,5494.0,131.0
98741135.0,Ripples III,2024-02-19 05:18:29+00:00,7389.0,132.0
99043642.0,ONE THIRTY THREE: Ripples IV ,2024-02-23 07:47:47+00:00,6404.0,133.0
99218769.0,ONE HUNDRED THIRTY-FOUR: Ripples V,2024-02-26 05:50:13+00:00,6138.0,134.0
99428688.0,"ONE HUNDRED THIRTY-FIVE: Waves, I",2024-02-29 06:29:21+00:00,7562.0,135.0
99687324.0,ONE HUNDRED THIRTY-SIX: Waves II,2024-03-04 01:30:49+00:00,3483.0,136.0
99896853.0,ONE HUNDRED THIRTY-SEVEN: Waves III,2024-03-07 04:39:33+00:00,4480.0,137.0
100129657.0,"ONE HUNDRED THIRTY-EIGHT: WAVES, IV",2024-03-11 02:10:39+00:00,5202.0,138.0
100337756.0,"ONE HUNDRED THIRTY-NINE: Waves, V",2024-03-14 05:44:59+00:00,4899.0,139.0
100577590.0,ONE HUNDRED FORTY,2024-03-18 06:49:39+00:00,4590.0,140.0
100782110.0,ONE HUNDRED FORTY-ONE,2024-03-21 10:27:27+00:00,7749.0,141.0
101015996.0,ONE HUNDRED FORTY-TWO,2024-03-25 06:36:47+00:00,4553.0,142.0
101216150.0,ONE HUNDRED FORTY-THREE,2024-03-28 07:43:54+00:00,4934.0,143.0
101471050.0,One Hundred Forty-four,2024-04-01 07:34:38+00:00,4357.0,144.0
101668002.0,Chapter Delayed Until Tomorrow !,2024-04-04 01:23:35+00:00,322.0,
101731257.0,ONE HUNDRED FORTY-FIVE,2024-04-05 00:05:28+00:00,4927.0,145.0
101929749.0,ONE HUNDRED FORTY-SIX,2024-04-08 08:49:21+00:00,4763.0,146.0
102129740.0,"ONE HUNDRED FORTY-SEVEN: Everyone, Everywhere",2024-04-11 09:35:39+00:00,4830.0,147.0
102358620.0,Chapter delayed until tomorrow. ,2024-04-15 02:13:03+00:00,50.0,
102433361.0,"ONE HUNDRED FORTY-EIGHT: Everyone, Everywhere II",2024-04-16 03:49:28+00:00,7382.0,148.0
102655370.0,ONE HUNDRED FORTY-NINE: All at Once,2024-04-19 15:23:16+00:00,4175.0,149.0
102971440.0,Scheduling for May (and writing process):,2024-04-24 19:10:21+00:00,1558.0,
102979956.0,ONE HUNDRED FIFTY: Cube News,2024-04-24 19:18:31+00:00,5932.0,150.0
103239741.0,ONE HUNDRED FIFTY-ONE: Made for a Saint,2024-04-29 01:47:11+00:00,4926.0,151.0
103477031.0,ONE HUNDRED FIFTY-TWO: A Sharp Break,2024-05-02 09:45:02+00:00,3879.0,152.0
103728009.0,ONE HUNDRED FIFTY-THREE: Loop-the-loop,2024-05-06 12:07:37+00:00,3859.0,153.0
103964591.0,Update: Tonight's Post May Arrive Tomorrow Morning,2024-05-10 00:20:20+00:00,123.0,
104028897.0,ONE HUNDRED FIFTY-FOUR: Assembly,2024-05-11 00:55:34+00:00,,154.0
104341889.0,ONE HUNDRED FIFTY-FIVE: Family Matters I,2024-05-16 04:56:31+00:00,5202.0,155.0
104580088.0,ONE HUNDRED FIFTY-SIX: Family Matters II,2024-05-20 09:18:24+00:00,6235.0,156.0
104834480.0,ONE HUNDRED FIFTY-SEVEN: (preview),2024-05-24 07:33:26+00:00,1718.0,
104898318.0,ONE HUNDRED FIFTY-SEVEN: Family Matters III,2024-05-25 07:52:17+00:00,4866.0,157.0
105221200.0,ONE HUNDRED FIFTY-EIGHT: Family Matters IV,2024-05-30 10:10:25+00:00,5732.0,158.0
105481861.0,ONE HUNDRED FIFTY-NINE: Tenderroot,2024-06-03 10:32:02+00:00,4958.0,159.0
105886069.0,ONE HUNDRED SIXTY: Shiny Water Bugs,2024-06-09 18:33:07+00:00,6404.0,160.0
106118768.0,ONE HUNDRED SIXTY-ONE: Good Waking,2024-06-13 09:12:54+00:00,4908.0,161.0
106351073.0,ONE HUNDRED SIXTY-TWO: Grand Presentation,2024-06-17 10:10:46+00:00,6069.0,162.0
106768987.0,ONE HUNDRED SIXTY-THREE: The Primary's Youngest Child,2024-06-24 05:03:18+00:00,6133.0,163.0
106975629.0,ONE HUNDRED SIXTY-FOUR: Echoing Klerms,2024-06-27 07:38:16+00:00,5043.0,164.0
107235704.0,ONE HUNDRED SIXTY-FIVE: Olorn,2024-07-01 10:37:39+00:00,4242.0,165.0
107513302.0,ONE HUNDRED SIXTY-SIX: Dreams and Doors,2024-07-05 09:37:35+00:00,4603.0,166.0
107921377.0,One Hundred Sixty-seven: Notion,2024-07-11 07:05:31+00:00,5706.0,167.0
108143209.0,ONE HUNDRED SIXTY-EIGHT: Vantage Points,2024-07-15 01:08:09+00:00,5126.0,168.0
108350190.0,"ONE HUNDRED SIXTY-NINE: Thanksgiving, I",2024-07-18 05:43:13+00:00,4439.0,169.0
108577429.0,"ONE HUNDRED SEVENTY: Thanksgiving, II",2024-07-22 03:57:52+00:00,4151.0,170.0
108979110.0,ONE HUNDRED SEVENTY-ONE: Thanksgiving III,2024-07-28 16:25:48+00:00,6628.0,171.0
109235772.0,ONE HUNDRED SEVENTY-TWO: Thanksgiving IV,2024-08-01 07:35:33+00:00,4715.0,172.0
109495531.0,ONE HUNDRED SEVENTY-THREE: Thanksgiving V,2024-08-05 09:20:08+00:00,5429.0,173.0
109925173.0,ONE HUNDRED SEVENTY-FOUR: Compatible with Loungewear,2024-08-12 01:36:51+00:00,4550.0,174.0
110130584.0,"175 Delayed Until Tomorrow, Apologies, Preview ",2024-08-15 03:28:36+00:00,561.0,175.0
110198253.0,ONE HUNDRED SEVENTY-FIVE: Kind Efforts,2024-08-16 05:02:39+00:00,5064.0,175.0
110562107.0,ONE HUNDRED SEVENTY-SIX: Class Notes,2024-08-22 06:09:19+00:00,5040.0,176.0
110793553.0,ONE HUNDRED SEVENTY-SEVEN: Guests,2024-08-26 04:56:13+00:00,5004.0,177.0
110988360.0,ONE HUNDRED SEVENTY-EIGHT: The Elder's Croak,2024-08-29 02:57:23+00:00,5367.0,178.0
111250796.0,ONE HUNDRED SEVENTY-NINE: By Appointment,2024-09-02 05:57:13+00:00,4368.0,179.0
111702276.0,ONE HUNDRED EIGHTY: Needle & Wheedle,2024-09-09 06:56:14+00:00,7917.0,180.0
112121372.0,ONE HUNDRED EIGHTY-ONE: Nightlight,2024-09-15 19:37:47+00:00,4996.0,181.0
112346060.0,ONE HUNDRED EIGHTY-TWO: I See You,2024-09-19 06:12:28+00:00,6579.0,182.0
112582644.0,ONE HUNDRED EIGHTY-THREE: The Weight,2024-09-23 02:54:45+00:00,3853.0,183.0
112792613.0,ONE HUNDRED EIGHTY-FOUR: The Inward Path,2024-09-26 05:49:59+00:00,4376.0,184.0
113046721.0,ONE HUNDRED EIGHTY-FIVE: What do you know about chaos?,2024-09-30 07:28:48+00:00,3563.0,185.0
113516986.0,ONE HUNDRED EIGHTY-SIX (First Part),2024-10-07 07:04:21+00:00,2729.0,186.0
113594123.0,ONE HUNDRED EIGHTY-SIX: Worlds,2024-10-08 09:02:48+00:00,4790.0,186.0
113732135.0,ONE HUNDRED EIGHTY-SEVEN: About Pythons,2024-10-10 10:41:45+00:00,3876.0,187.0
114158695.0,ONE HUNDRED EIGHTY-EIGHT: Know Thyself,2024-10-17 05:46:06+00:00,6236.0,188.0
114406321.0,ONE HUNDRED EIGHTY-NINE: Flashes I,2024-10-21 07:36:46+00:00,4200.0,189.0
114610426.0,ONE HUNDRED NINETY: Flashes II,2024-10-24 08:34:04+00:00,2304.0,190.0
114731174.0,ONE HUNDRED NINETY-ONE: Flashes III,2024-10-26 03:37:25+00:00,2968.0,191.0
114834752.0,ONE HUNDRED NINETY-TWO: Flashes IV,2024-10-27 23:38:19+00:00,3851.0,192.0
115059445.0,ONE HUNDRED NINETY-THREE: Preview,2024-10-31 06:10:40+00:00,2098.0,193.0
115125837.0,ONE HUNDRED NINETY-THREE: Flashes V,2024-11-01 02:40:28+00:00,6094.0,193.0
115485109.0,"ONE HUNDRED NINETY-FOUR: Flashes, VI",2024-11-06 17:44:56+00:00,4545.0,194.0
115759690.0,ONE HUNDRED NINETY-FIVE,2024-11-11 03:03:20+00:00,5650.0,195.0
115976836.0,ONE HUNDRED NINETY-SIX,2024-11-14 07:46:46+00:00,5878.0,196.0
116408250.0,ONE HUNDRED NINETY-SEVEN,2024-11-21 00:23:41+00:00,4173.0,197.0
116668414.0,ONE HUNDRED NINETY-EIGHT: United,2024-11-25 07:10:28+00:00,4065.0,198.0
116879563.0,ONE HUNDRED NINETY-NINE: Happy Avowed Days,2024-11-28 10:29:18+00:00,3947.0,199.0
117133396.0,TWO HUNDRED: You've Got Time,2024-12-02 09:56:17+00:00,2848.0,200.0
117349930.0,TWO HUNDRED ONE: A Weird Place,2024-12-05 08:48:02+00:00,4046.0,201.0
117612121.0,TWO HUNDRED TWO: Shoes,2024-12-09 11:27:36+00:00,5614.0,202.0
118054372.0,TWO HUNDRED THREE: Herdcreatures I,2024-12-16 03:50:48+00:00,5248.0,203.0
118254367.0,"No Post Tonight, Scheduling Update for December, Short Q&A's Coming Your Way",2024-12-19 01:39:03+00:00,512.0,
118260837.0,20ish Question Q&A!,2024-12-19 02:48:19+00:00,149.0,
118527170.0,TWO HUNDRED FOUR: Herdcreatures II,2024-12-23 11:23:28+00:00,4792.0,204.0
118823322.0,TWO HUNDRED FIVE: Herdcreatures III,2024-12-28 12:13:23+00:00,4934.0,205.0
119081323.0,TWO HUNDRED SIX: Herdcreatures IV,2025-01-01 14:09:34+00:00,5972.0,206.0
119382604.0,TWO HUNDRED SEVEN: Hit Me With It,2025-01-05 23:37:59+00:00,4911.0,207.0
119624531.0,PREVIEW - 208,2025-01-09 08:30:25+00:00,1693.0,
119756737.0,TWO HUNDRED EIGHT: Normal Teenager Matters,2025-01-11 04:03:41+00:00,4250.0,208.0
119887971.0,TWO HUNDRED NINE: Now Rest,2025-01-13 05:34:21+00:00,3034.0,209.0
120091030.0,210 is being rescheduled.,2025-01-16 02:39:19+00:00,438.0,
120186463.0,TWO HUNDRED TEN: Sun,2025-01-17 10:44:47+00:00,3829.0,210.0
120560181.0,Chapter going up! Author going down?,2025-01-22 20:44:05+00:00,492.0,
120566938.0,TWO HUNDRED ELEVEN: The Strange Thing Is...,2025-01-22 20:56:19+00:00,3190.0,211.0
120719155.0,Pausing for One Month,2025-01-24 23:33:34+00:00,697.0,
121382024.0,Hello. Questions and answers. Thoughts on the story.,2025-02-03 04:26:35+00:00,3046.0,
122454183.0,"Writing Update, Ponderings, A Few Answers",2025-02-17 07:15:04+00:00,969.0,
123162736.0,TWO HUNDRED TWELVE: High Flyers,2025-02-26 17:17:39+00:00,4503.0,212.0
123479049.0,TWO HUNDRED THIRTEEN: Chillex,2025-03-02 21:00:31+00:00,3817.0,213.0
123754047.0,TWO HUNDRED FOURTEEN: Scoot,2025-03-06 07:31:29+00:00,4669.0,214.0
123957942.0,TWO HUNDRED FIFTEEN: Tacos,2025-03-09 05:56:40+00:00,4291.0,215.0
124522070.0,TWO HUNDRED SIXTEEN: The Snake-shaped Letter,2025-03-17 01:58:48+00:00,4318.0,216.0
124523863.0,Super Supporter Tier Members Who Need to Access New Chapters,2025-03-17 02:50:30+00:00,216.0,
124748848.0,TWO HUNDRED SEVENTEEN: The Snake-shaped Letter II,2025-03-20 01:38:42+00:00,3636.0,217.0
125007635.0,TWO HUNDRED EIGHTEEN: Power,2025-03-23 20:58:44+00:00,4095.0,218.0
125547004.0,TWO HUNDRED NINETEEN: Barrel Roll,2025-03-31 00:30:41+00:00,5880.0,219.0
126107625.0,TWO HUNDRED TWENTY: A Rare Pairing,2025-04-07 08:00:45+00:00,3849.0,220.0
126341395.0,TWO HUNDRED TWENTY-ONE: Here-to-There I,2025-04-10 07:07:08+00:00,4804.0,221.0
126611073.0,TWO HUNDRED TWENTY-TWO: Here-to-There II,2025-04-14 05:59:51+00:00,5104.0,222.0
126985409.0,TWO HUNDRED TWENTY-THREE: Here-to-There III,2025-04-19 08:10:21+00:00,3453.0,223.0
127345168.0,TWO HUNDRED TWENTY-FOUR: Here-to-There IV,2025-04-24 08:30:40+00:00,3550.0,224.0
127631867.0,TWO HUNDRED TWENTY-FIVE: Here-to-There V,2025-04-28 08:41:22+00:00,3697.0,225.0
127874458.0,TWO HUNDRED TWENTY-SIX: Here-to-There VI,2025-05-01 04:48:30+00:00,3424.0,226.0
128175705.0,TWO HUNDRED TWENTY-SEVEN: Here-to-There VII,2025-05-05 07:19:43+00:00,1950.0,227.0
128222424.0,TWO HUNDRED TWENTY-EIGHT: Here-to-There VIII,2025-05-05 19:09:38+00:00,3125.0,228.0
128756539.0,TWO HUNDRED TWENTY-NINE: Here-to-There IX,2025-05-12 13:15:08+00:00,3952.0,229.0
129010104.0,TWO HUNDRED THIRTY: Here-to-There X,2025-05-15 09:36:19+00:00,5342.0,230.0
129325829.0,TWO HUNDRED THIRTY-ONE: Preview,2025-05-19 09:41:08+00:00,2767.0,231.0
129394239.0,TWO HUNDRED THIRTY-ONE: Here-to-There XI,2025-05-20 02:15:19+00:00,5631.0,231.0
129870213.0,TWO HUNDRED THIRTY-TWO: Here-to-There XII,2025-05-25 23:57:27+00:00,3800.0,232.0
130151179.0,TWO HUNDRED THIRTY-THREE: Here-to-There XIII,2025-05-29 05:25:51+00:00,2208.0,233.0
130490872.0,TWO HUNDRED THIRTY-FOUR: Here-to-There XIV,2025-06-02 07:41:22+00:00,4896.0,234.0
131049101.0,TWO HUNDRED THIRTY-FIVE: Here-to-There XV,2025-06-09 08:28:17+00:00,4289.0,235.0
131362147.0,TWO HUNDRED THIRTY-SIX: Preview,2025-06-13 06:37:12+00:00,814.0,236.0
131426642.0,TWO HUNDRED THIRTY-SIX: Here-to-There XVI,2025-06-14 03:04:27+00:00,1790.0,236.0
131432284.0,TWO HUNDRED THIRTY-SEVEN: Here-to-There XVII,2025-06-14 04:56:54+00:00,1985.0,237.0
131802425.0,TWO HUNDRED THIRTY-EIGHT: Here-to-There XVIII,2025-06-19 06:34:04+00:00,4667.0,238.0
132091761.0,TWO HUNDRED THIRTY-NINE: Here-to-There Epilogue,2025-06-23 09:40:45+00:00,2901.0,239.0
132406704.0,TWO HUNDRED FORTY: Hopping I,2025-06-27 08:38:17+00:00,4475.0,240.0
132960286.0,TWO HUNDRED FORTY-ONE,2025-07-01 08:14:17+00:00,4542.0,241.0
133565607.0,TWO HUNDRED FORTY-TWO: Hopping III,2025-07-07 09:38:15+00:00,4432.0,242.0
133798506.0,TWO HUNDRED FORTY-THREE: With a Yell,2025-07-10 06:33:07+00:00,3879.0,243.0
134081285.0,TWO HUNDRED FORTY-FOUR: Contemplations,2025-07-14 07:49:35+00:00,2599.0,244.0
134298804.0,"TWO HUNDRED FORTY-FIVE: Bros, a Bromeliad, and a Pack or Herd of Bears",2025-07-17 01:35:01+00:00,2319.0,245.0
134595869.0,TWO HUNDRED FORTY-SIX: Baby Blue,2025-07-21 07:20:48+00:00,3574.0,246.0
134838680.0,TWO HUNDRED FORTY-SEVEN: A Pounce,2025-07-24 08:24:30+00:00,2973.0,247.0
135139021.0,TWO HUNDRED FORTY-EIGHT: The Lucky 57,2025-07-28 13:24:31+00:00,5278.0,248.0
135684104.0,TWO HUNDRED FORTY-NINE: Strong Bricks,2025-08-04 10:30:41+00:00,4390.0,249.0
135912479.0,TWO HUNDRED FIFTY: Rain on Anesidora,2025-08-07 03:38:01+00:00,4579.0,250.0
136220646.0,TWO HUNDRED FIFTY-ONE: The Second Blossom,2025-08-11 10:35:55+00:00,4371.0,251.0
136741155.0,TWO HUNDRED FIFTY-TWO: Slumber Party,2025-08-18 07:01:05+00:00,4053.0,252.0
137074935.0,TWO HUNDRED FIFTY-THREE: Two Kinds of Beauty,2025-08-22 08:18:12+00:00,4160.0,253.0
137523420.0,TWO HUNDRED FIFTY-FOUR: Scrape,2025-08-28 04:07:10+00:00,3215.0,254.0
137844206.0,TWO HUNDRED FIFTY-FIVE: A Heavy Thing on One End,2025-09-01 08:10:58+00:00,4061.0,255.0
138068704.0,TWO HUNDRED FIFTY-SIX:  A Pointy Thing on the Other,2025-09-03 21:35:12+00:00,4638.0,256.0
138398640.0,TWO HUNDRED FIFTY-SEVEN: To Belong,2025-09-08 07:04:27+00:00,3380.0,257.0
138932141.0,"Removed Chapter (258 ""Reindeer"")",2025-09-15 10:56:12+00:00,71.0,258.0
139243157.0,"Removed Chapter (259 ""Enough to Show Mercy"")",2025-09-19 07:45:58+00:00,42.0,259.0
139689810.0,"Removed Chapter (260 ""Questions, Questions"")",2025-09-25 04:46:56+00:00,42.0,260.0
139960520.0,This is not a chapter.,2025-09-28 22:11:56+00:00,1860.0,
139977509.0,Reader's Discussion Spot,2025-09-29 04:29:21+00:00,218.0,
140198641.0,TWO HUNDRED FIFTY-EIGHT: Always More,2025-10-01 17:32:28+00:00,1819.0,258.0
140501642.0,The Sunday Writing Update,2025-10-05 15:42:59+00:00,129.0,
141096182.0,TWO HUNDRED FIFTY-NINE: Snow I,2025-10-13 08:05:13+00:00,5201.0,259.0
141420259.0,TWO HUNDRED SIXTY: Snow II,2025-10-17 08:05:33+00:00,5548.0,260.0
141587524.0,Sunday Writing Update,2025-10-19 19:58:43+00:00,173.0,
142009679.0,TWO HUNDRED SIXTY-ONE: Snow III,2025-10-25 05:28:57+00:00,5522.0,261.0
142100475.0,Sunday Update,2025-10-26 16:35:23+00:00,115.0,
142688788.0,TWO HUNDRED SIXTY-TWO  & TWO HUNDRED SIXTY-THREE,2025-11-02 23:56:13+00:00,6562.0,271.0
143220328.0,TWO HUNDRED SIXTY-FOUR: Snow VI,2025-11-10 01:29:44+00:00,4987.0,264.0
143757971.0,TWO HUNDRED SIXTY-FIVE: Snow VII,2025-11-17 08:19:36+00:00,3986.0,265.0
144141996.0,TWO HUNDRED SIXTY-SIX,2025-11-22 09:00:39+00:00,3649.0,266.0
144522857.0,TWO HUNDRED SIXTY-SEVEN: Snow IX,2025-11-27 13:41:26+00:00,3931.0,267.0
144950800.0,TWO HUNDRED SIXTY-EIGHT: Snow X,2025-12-03 04:46:01+00:00,5041.0,268.0
145417062.0,TWO HUNDRED SIXTY-NINE: Snow XI,2025-12-09 07:03:41+00:00,2117.0,269.0
146049476.0,TWO HUNDRED SEVENTY:  Snow XII,2025-12-17 08:46:47+00:00,5656.0,270.0
146358195.0,TWO HUNDRED SEVENTY-ONE: Snow XIII,2025-12-21 14:06:30+00:00,4440.0,271.0
147136515.0,TWO HUNDRED SEVENTY-TWO: Avowed,2026-01-01 06:45:01+00:00,4070.0,272.0
147414299.0,TWO HUNDRED SEVENTY-THREE: The Other Side,2026-01-04 21:20:37+00:00,3719.0,273.0
147778132.0,TWO HUNDRED SEVENTY-FOUR: To Everything,2026-01-09 03:25:35+00:00,2326.0,274.0
148107384.0,TWO HUNDRED SEVENTY-FIVE,2026-01-13 10:32:18+00:00,5131.0,275.0
148755902.0,TWO HUNDRED SEVENTY-SIX,2026-01-21 10:28:14+00:00,3487.0,276.0
149230130.0,TWO HUNDRED SEVENTY-SEVEN: Sip Water,2026-01-27 08:30:51+00:00,3832.0,277.0
149362783.0,TWO HUNDRED SEVENTY-EIGHT: An Errand at LeafSong,2026-01-28 20:36:56+00:00,1374.0,278.0
149905110.0,TWO HUNDRED SEVENTY-NINE: Careening,2026-02-04 08:08:46+00:00,2326.0,279.0
149968416.0,TWO HUNDRED EIGHTY: Stakeouts,2026-02-05 00:33:23+00:00,3547.0,280.0
150574031.0,TWO HUNDRED EIGHTY-ONE: Unquiet Mind,2026-02-12 14:03:42+00:00,5137.0,281.0
151099222.0,TWO HUNDRED EIGHTY-TWO: Beanshot,2026-02-18 19:03:42+00:00,4501.0,282.0
151694805.0,TWO HUNDRED EIGHTY-THREE: Thunder,2026-02-26 07:57:36+00:00,4902.0,283.0
152201776.0,TWO HUNDRED EIGHTY-FOUR: Those Who Reach (preview),2026-03-04 09:35:10+00:00,2422.0,
152362964.0,TWO HUNDRED EIGHTY-FOUR: Those Who Reach,2026-03-06 06:44:00+00:00,8587.0,284.0
152942482.0,TWO HUNDRED EIGHTY-FIVE: What next?,2026-03-13 13:20:00+00:00,5197.0,285.0
153494447.0,TWO HUNDRED EIGHTY-SIX: Positive,2026-03-20 08:42:22+00:00,4834.0,286.0
154060257.0,TWO HUNDRED EIGHTY-SEVEN: It's All Heroes or Aliens,2026-03-27 07:18:34+00:00,4367.0,287.0
154508709.0,TWO HUNDRED EIGHTY-EIGHT: New Pressures,2026-04-01 14:15:43+00:00,5496.0,288.0
155081130.0,TWO HUNDRED EIGHTY-NINE: The Entertainment,2026-04-08 10:57:14+00:00,4526.0,289.0
155653734.0,"TWO HUNDRED NINETY: When Wishing Was Having, I",2026-04-15 03:52:03+00:00,5427.0,290.0
156138824.0,TWO HUNDRED NINETY-ONE: When Wishing Was Having II,2026-04-21 02:42:11+00:00,7060.0,291.0
156659612.0,TWO HUNDRED NINETY-TWO: When Wishing Was Having III,2026-04-27 11:11:59+00:00,5312.0,292.0
157241429.0,TWO HUNDRED NINETY-THREE: When Wishing Was Having IV,2026-05-03 11:59:34+00:00,4889.0,293.0
157761649.0,TWO HUNDRED NINETY-FOUR: When Wishing Was Having V,2026-05-08 23:21:51+00:00,6089.0,294.0
158321117.0,TWO HUNDRED NINETY-FIVE: When Wishing Was Having VI,2026-05-15 10:10:50+00:00,3993.0,295.0
158828604.0,TWO HUNDRED NINETY-SIX: When Wishing Was Having VII,2026-05-21 04:05:59+00:00,5219.0,296.0
159253663.0,TWO HUNDRED NINETY-SEVEN: When Wishing Was Having VIII,2026-05-26 05:03:54+00:00,3239.0,297.0
159791834.0,TWO HUNDRED NINETY-EIGHT: A Chance to Appreciate,2026-06-01 05:43:59+00:00,5460.0,298.0
160427402.0,TWO HUNDRED NINETY-NINE: Bonus Points for the Straightforward,2026-06-07 15:09:36+00:00,4366.0,299.0
161032166.0,THREE HUNDRED: Small News at the Pitcherhouse,2026-06-14 05:11:40+00:00,4735.0,300.0
161596010.0,"THREE HUNDRED ONE: Cups, Bowls, and Unknown Wizards",2026-06-20 10:46:15+00:00,3149.0,301.0
